{"cameraMode":{"drawMode":0,"name":"Shaded","section":"Shading Mode"},"sceneLighting":false,"audioPlay":false,"sceneViewState":{"showFog":true,"showMaterialUpdate":true,"showSkybox":false,"showFlares":true,"showImageEffects":true,"showParticleSystems":true},"in2DMode":false,"pivot":{"x":37.95722579956055,"y":171.30844116210938,"z":146.8065185546875},"rotation":{"x":-0.1322796642780304,"y":0.5166276097297669,"z":0.08151059597730637,"w":0.8420587778091431},"size":5.857884883880615,"orthographic":false}