{"cameraMode":{"drawMode":0,"name":"Shaded","section":"Shading Mode"},"sceneLighting":true,"audioPlay":false,"sceneViewState":{"showFog":true,"showMaterialUpdate":true,"showSkybox":true,"showFlares":true,"showImageEffects":true,"showParticleSystems":true},"in2DMode":false,"pivot":{"x":71.11370849609375,"y":72.72988891601563,"z":157.0055389404297},"rotation":{"x":-0.24133558571338654,"y":-0.726847231388092,"z":0.5623490214347839,"w":-0.31187480688095095},"size":131.3284912109375,"orthographic":false}