{"cameraMode":{"drawMode":0,"name":"Shaded","section":"Shading Mode"},"sceneLighting":true,"audioPlay":false,"sceneViewState":{"showFog":true,"showMaterialUpdate":true,"showSkybox":true,"showFlares":true,"showImageEffects":true,"showParticleSystems":true},"in2DMode":false,"pivot":{"x":144.22549438476563,"y":127.69999694824219,"z":66.43595123291016},"rotation":{"x":-0.18432392179965974,"y":-0.08179158717393875,"z":0.015076597221195698,"w":-0.9793937802314758},"size":22.0,"orthographic":false}