{"cameraMode":{"drawMode":0,"name":"Shaded","section":"Shading Mode"},"sceneLighting":true,"audioPlay":false,"sceneViewState":{"showFog":true,"showMaterialUpdate":true,"showSkybox":true,"showFlares":true,"showImageEffects":true,"showParticleSystems":true},"in2DMode":false,"pivot":{"x":341.3396911621094,"y":178.08673095703126,"z":-136.3011474609375},"rotation":{"x":-0.1955675184726715,"y":-0.004117969889193773,"z":0.0005649366648867726,"w":-0.9807888269424439},"size":303.2608642578125,"orthographic":false}