{"cameraMode":{"drawMode":0,"name":"Shaded","section":"Shading Mode"},"sceneLighting":true,"audioPlay":false,"sceneViewState":{"showFog":true,"showMaterialUpdate":true,"showSkybox":true,"showFlares":true,"showImageEffects":true,"showParticleSystems":true},"in2DMode":false,"pivot":{"x":116.87788391113281,"y":356.7811279296875,"z":-54.6008415222168},"rotation":{"x":-0.5272866487503052,"y":-0.0817943811416626,"z":0.05108746141195297,"w":-0.8442026972770691},"size":2.871462345123291,"orthographic":false}